frequency_hz,real_ohm,imag_ohm,magnitude_ohm
2.000000000000000000e+01,1.268937344443242132e+01,3.736501098017352085e+00,1.322806255155121491e+01
2.023158908519796739e+01,1.269414793960921450e+01,3.783089135627502486e+00,1.324587314301279584e+01
2.046585984561508553e+01,1.269905183270144633e+01,3.830339151807834241e+00,1.326414020837799868e+01
2.070284333358687334e+01,1.270408907466052284e+01,3.878263474648930398e+00,1.328287645036664699e+01
2.094257096101799576e+01,1.270926375875098735e+01,3.926874761240406908e+00,1.330209497334792523e+01
2.118507450354577770e+01,1.271458012671677729e+01,3.976186009458447579e+00,1.332180929830908234e+01
2.143038610475213090e+01,1.272004257526446303e+01,4.026210570264523447e+00,1.334203337848659388e+01
2.167853828042407116e+01,1.272565566288224126e+01,4.076962160540741564e+00,1.336278161569393674e+01
2.192956392286370360e+01,1.273142411701478949e+01,4.128454876488831360e+00,1.338406887738217854e+01
2.218349630524802052e+01,1.273735284161540982e+01,4.180703207621216499e+00,1.340591051447168525e+01
2.244036908603927571e+01,1.274344692509836108e+01,4.233722051374336104e+00,1.342832237999565415e+01
2.270021631344630109e+01,1.274971164871582907e+01,4.287526728375989471e+00,1.345132084859842436e+01
2.296307242993766096e+01,1.275615249538571305e+01,4.342132998400512811e+00,1.347492283693430792e+01
2.322897227680685361e+01,1.276277515899818304e+01,4.397557077047332896e+00,1.349914582501537907e+01
2.349795109879059751e+01,1.276958555423096975e+01,4.453815653180764222e+00,1.352400787855960651e+01
2.377004454874036909e+01,1.277658982690541301e+01,4.510925907170931559e+00,1.354952767239392664e+01
2.404528869234826516e+01,1.278379436491763776e+01,4.568905529978309232e+00,1.357572451497032873e+01
2.432372001292736030e+01,1.279120580978161392e+01,4.627772743126647548e+00,1.360261837405640328e+01
2.460537541624763946e+01,1.279883106882361687e+01,4.687546319612042822e+00,1.363022990366608411e+01
2.489029223542770453e+01,1.280667732807036430e+01,4.748245605798487645e+00,1.365858047230004502e+01
2.517850823588335274e+01,1.281475206587632876e+01,4.809890544353671693e+00,1.368769219257010228e+01
2.547006162033323662e+01,1.282306306733899071e+01,4.872501698281726412e+00,1.371758795228634575e+01
2.576499103386268885e+01,1.283161843955451964e+01,4.936100276113481122e+00,1.374829144709127782e+01
2.606333556904598936e+01,1.284042662777025079e+01,5.000708158318246888e+00,1.377982721473030558e+01
2.636513477112815096e+01,1.284949643249464835e+01,5.066347925005445951e+00,1.381222067105430007e+01
2.667042864326648299e+01,1.285883702763007008e+01,5.133042884988467058e+00,1.384549814785589028e+01
2.697925765183306979e+01,1.286845797969865757e+01,5.200817106287932923e+00,1.387968693264827280e+01
2.729166273177849433e+01,1.287836926823718464e+01,5.269695448156349826e+00,1.391481531050253295e+01
2.760768529205770960e+01,1.288858130744261743e+01,5.339703594711502355e+00,1.395091260806740863e+01
2.792736722111875736e+01,1.289910496915659266e+01,5.410868090271533148e+00,1.398800923990397571e+01
2.825075089245508408e+01,1.290995160728406610e+01,5.483216376490799071e+00,1.402613675727686982e+01
2.857787917022206159e+01,1.292113308374903724e+01,5.556776831402018502e+00,1.406532789955357465e+01
2.890879541491854710e+01,1.293266179609859634e+01,5.631578810477258834e+00,1.410561664837396023e+01
2.924354348913437107e+01,1.294455070687564557e+01,5.707652689827840575e+00,1.414703828476383940e+01
2.958216776336414711e+01,1.295681337489056872e+01,5.785029911671143665e+00,1.418962944937861792e+01
2.992471312188867572e+01,1.296946398853296678e+01,5.863743032201157668e+00,1.423342820607674497e+01
3.027122496872416235e+01,1.298251740127645704e+01,5.943825772008637820e+00,1.427847410903700442e+01
3.062174923364061030e+01,1.299598916954243677e+01,6.025313069206999828e+00,1.432480827364963361e+01
3.097633237824962649e+01,1.300989559310298915e+01,6.108241135430527713e+00,1.437247345142812271e+01
3.133502140216299026e+01,1.302425375821856690e+01,6.192647514883255155e+00,1.442151410920712706e+01
3.169786384922226929e+01,1.303908158372319015e+01,6.278571146629126076e+00,1.447197651291187803e+01
3.206490781380083632e+01,1.305439787028857523e+01,6.366052430327534317e+00,1.452390881620626040e+01
3.243620194717860272e+01,1.307022235311914571e+01,6.455133295632620616e+00,1.457736115435027102e+01
3.281179546399079783e+01,1.308657575835244025e+01,6.545857275490310379e+00,1.463238574362318900e+01
3.319173814875121309e+01,1.310347986346428328e+01,6.638269583583724653e+00,1.468903698669680580e+01
3.357608036245121497e+01,1.312095756200536911e+01,6.732417196195605413e+00,1.474737158437313411e+01
3.396487304923488892e+01,1.313903293302608866e+01,6.828348938775794963e+00,1.480744865413433509e+01
3.435816774315177469e+01,1.315773131557957143e+01,6.926115577522779176e+00,1.486932985598836510e+01
3.475601657498751251e+01,1.317707938872966089e+01,7.025769916310760976e+00,1.493307952613329448e+01
3.515847227917386419e+01,1.319710525753099795e+01,7.127366899318281490e+00,1.499876481900593816e+01
3.556558820077846406e+01,1.321783854549319415e+01,7.230963719740309159e+00,1.506645585832733936e+01
3.597741830257574946e+01,1.323931049409076444e+01,7.336619934994540237e+00,1.513622589780891126e+01
3.639401717219967480e+01,1.326155406993530939e+01,7.444397588862727844e+00,1.520815149223872531e+01
3.681544002937913262e+01,1.328460408028754891e+01,7.554361341041184730e+00,1.528231267972914509e+01
3.724174273325735385e+01,1.330849729765442291e+01,7.666578604610098324e+00,1.535879317597383498e+01
3.767298178979600465e+01,1.333327259429175449e+01,7.781119691969697882e+00,1.543768058143613153e+01
3.810921435926495349e+01,1.335897108751662898e+01,7.898057969832695591e+00,1.551906660247139236e+01
3.855049826381873856e+01,1.338563629682698242e+01,8.017470023907188548e+00,1.560304728747504122e+01
3.899689199516091520e+01,1.341331431392976192e+01,8.139435833952429533e+00,1.568972327924562116e+01
3.944845472229707184e+01,1.344205398689515185e+01,8.264038959941585105e+00,1.577920008485969561e+01
3.990524629937760182e+01,1.347190711978396216e+01,8.391366740121682710e+00,1.587158836447398969e+01
4.036732727363121853e+01,1.350292868924047163e+01,8.521510501821060402e+00,1.596700424060067824e+01
4.083475889339059961e+01,1.353517707970540229e+01,8.654565785919320575e+00,1.606556962954590873e+01
4.130760311621058634e+01,1.356871433908604629e+01,8.790632585964214485e+00,1.616741259686085641e+01
4.178592261708080002e+01,1.360360645692506587e+01,8.929815602994487733e+00,1.627266773883057027e+01
4.226978079673293820e+01,1.363992366733950767e+01,9.072224517207352790e+00,1.638147659222045149e+01
4.275924179004465486e+01,1.367774077926041798e+01,9.217974277694734653e+00,1.649398807471634854e+01
4.325437047454040851e+01,1.371713753679505921e+01,9.367185411563008657e+00,1.661035895873267521e+01
4.375523247899106849e+01,1.375819901286292080e+01,9.519984353847915415e+00,1.673075438152898542e+01
4.426189419211275577e+01,1.380101603962843804e+01,9.676503799738226164e+00,1.685534839486949821e+01
4.477442277136680815e+01,1.384568567967408548e+01,9.836883080730155271e+00,1.698432455778819516e+01
4.529288615186119671e+01,1.389231174233388089e+01,1.000126856644702222e+01,1.711787657638613425e+01
4.581735305535545422e+01,1.394100535014800712e+01,1.016981409397731007e+01,1.725620899499408978e+01
4.634789299936957718e+01,1.399188556101313452e+01,1.034268142670545565e+01,1.739953794348590677e+01
4.688457630639845775e+01,1.404508005230148804e+01,1.052004074473459738e+01,1.754809194603314282e+01
4.742747411323311013e+01,1.410072587401736044e+01,1.070207116912593293e+01,1.770211279715557495e+01
4.797665838038980723e+01,1.415897027896729554e+01,1.088896132230337876e+01,1.786185651155271614e+01
4.853220190164832104e+01,1.421997163895710337e+01,1.108090992709163203e+01,1.802759435490665396e+01
4.909417831370063112e+01,1.428390045721516621e+01,1.127812644696637534e+01,1.819961396363653705e+01
4.966266210591141572e+01,1.435094048860088911e+01,1.148083177019128698e+01,1.837822056247007652e+01
5.023772863019159729e+01,1.442128998071702206e+01,1.168925894059026760e+01,1.856373828968989415e+01
5.081945411098610776e+01,1.449516305083739454e+01,1.190365393774530745e+01,1.875651164102645652e+01
5.140791565537730179e+01,1.457279121562525503e+01,1.212427650940803403e+01,1.895690704442019836e+01
5.200319126330545316e+01,1.465442509299642637e+01,1.235140105884976869e+01,1.916531457928093829e+01
5.260535983790763481e+01,1.474033629822820224e+01,1.258531758972954506e+01,1.938214985545256397e+01
5.321450119597620443e+01,1.483081955959107745e+01,1.282633271080509729e+01,1.960785606886734911e+01
5.383069607853831684e+01,1.492619508245894266e+01,1.307477070241340478e+01,1.984290625287307464e+01
5.445402616155826081e+01,1.502681119511979979e+01,1.333097464605948090e+01,2.008780574646365835e+01
5.508457406676333079e+01,1.513304731446500639e+01,1.359530761761710238e+01,2.034309490317228253e+01
5.572242337259542211e+01,1.524531727550025373e+01,1.386815394348920272e+01,2.060935206722864521e+01
5.636765862528908144e+01,1.536407307533757205e+01,1.414992051750229507e+01,2.088719684677542787e+01
5.702036535007820106e+01,1.548980909016217744e+01,1.444103817419692426e+01,2.117729371752405143e+01
5.768063006253212421e+01,1.562306683281864572e+01,1.474196311136517679e+01,2.148035599424668618e+01
5.834854028002335724e+01,1.576444032936245243e+01,1.505317835097540247e+01,2.179715021199569236e+01
5.902418453332771975e+01,1.591458220545019309e+01,1.537519522274823025e+01,2.212850096395261801e+01
5.970765237835921369e+01,1.607421058812197145e+01,1.570855484827108306e+01,2.247529624837976314e+01
6.039903440804032897e+01,1.624411694574301634e+01,1.605382959521914543e+01,2.283849338330594847e+01
6.109842226431025125e+01,1.642517500906837213e+01,1.641162446042511647e+01,2.321912555434739289e+01
6.180590865027181735e+01,1.661835094009469316e+01,1.678257832646875158e+01,2.361830906843681888e+01
6.252158734247912264e+01,1.682471494317174887e+01,1.716736501818679983e+01,2.403725139417255718e+01
6.324555320336759223e+01,1.704545454545454319e+01,1.756669406178754045e+01,2.447726007790901903e+01
6.397790219382795129e+01,1.728188981196633733e+01,1.798131101846940183e+01,2.493975263341388882e+01
6.471873138592566477e+01,1.753549080518058645e+01,1.841199722447094089e+01,2.542626751162070775e+01
6.546813897576765839e+01,1.780789765104704614e+01,1.885956871754609310e+01,2.593847626523211858e+01
6.622622429651822529e+01,1.810094363374154369e+01,1.932487406233193639e+01,2.647819702995047564e+01
6.699308783156553204e+01,1.841668181101493929e+01,1.980879069919078717e+01,2.704740944882736642e+01
6.776883122784052205e+01,1.875741572157495085e+01,2.031221932660903917e+01,2.764827116700530496e+01
6.855355730929009894e+01,1.912573484576356009e+01,2.083607567790291881e+01,2.828313601858450355e+01
6.934737009050634526e+01,1.952455558042759520e+01,2.138127885801957362e+01,2.895457401202098779e+01
7.015037479051359526e+01,1.995716859649408903e+01,2.194873515145945220e+01,2.966539319034557209e+01
7.096267784671510981e+01,2.042729355924910806e+01,2.253931587921096735e+01,3.041866339040214484e+01
7.178438692900107299e+01,2.093914229885154299e+01,2.315382744682175797e+01,3.121774184095881211e+01
7.261561095402028343e+01,2.149749160842064555e+01,2.379297115580194699e+01,3.206630040829374906e+01
7.345646009961693323e+01,2.210776689597683031e+01,2.445728960579013744e+01,3.296835409886789137e+01
7.430704581943453491e+01,2.277613788686191043e+01,2.514709554345670384e+01,3.392829013247038006e+01
7.516748085768887222e+01,2.350962740478587776e+01,2.586237775098403091e+01,3.495089646413168794e+01
7.603787926411226294e+01,2.431623385772050128e+01,2.660267693285585722e+01,3.604138800070349191e+01
7.691835640907071081e+01,2.520506727279788350e+01,2.736692246190906630e+01,3.720542784678614368e+01
7.780902899885610680e+01,2.618649733753429842e+01,2.815321818360920503e+01,3.844913961199385710e+01
7.871001509115549766e+01,2.727230957331443761e+01,2.895856215784026944e+01,3.977910496368912874e+01
7.962143411069948229e+01,2.847586198446474270e+01,2.977848118653859544e+01,4.120233801054641276e+01
8.054340686509182490e+01,2.981222855008169503e+01,3.060655628475837631e+01,4.272622448490374580e+01
8.147605556082253031e+01,3.129830669397000875e+01,3.143381018119762160e+01,4.435840872278187419e+01
8.241950381946604409e+01,3.295285191205054787e+01,3.224792320698494308e+01,4.610660473621031485e+01
8.337387669406710700e+01,3.479638213047415718e+01,3.303224109407789655e+01,4.797829885549580808e+01
8.433930068571646643e+01,3.685086480500829964e+01,3.376454023147301342e+01,4.998030025839940294e+01
8.531590376031851974e+01,3.913905896677360374e+01,3.441552814922669512e+01,5.211808241478954784e+01
8.630381536555306354e+01,4.168333120662410352e+01,3.494708837637359977e+01,5.439484430042234919e+01
8.730316644803322390e+01,4.450370138416000998e+01,3.531034336200104917e+01,5.681020845968527766e+01
8.831408947066252324e+01,4.761481142067334105e+01,3.544372672153495785e+01,5.935847058792144537e+01
8.933671843019261871e+01,5.102147616632768035e+01,3.527145049867066717e+01,6.202633513654759412e+01
9.037118887498449737e+01,5.471252434122416730e+01,3.470304333300416744e+01,6.479013456045150576e+01
9.141763792297504665e+01,5.865286435446989088e+01,3.363501240104425705e+01,6.761266564928678235e+01
9.247620427985208380e+01,6.277424513451207133e+01,3.195606401702056942e+01,7.044001618162597822e+01
9.354702825743963501e+01,6.696614711556576083e+01,2.955748590769613671e+01,7.319911087361138868e+01
9.463025179229612149e+01,7.106961424266415861e+01,2.634984533836447085e+01,7.579712671306755567e+01
9.572601846452771213e+01,7.487823616140812533e+01,2.228557891037891991e+01,7.812424257562011576e+01
9.683447351681989801e+01,7.815094216811240813e+01,1.738407265225730214e+01,8.006107508485388280e+01
9.795576387368923577e+01,8.063938456559461088e+01,1.175209476083179894e+01,8.149123924929247664e+01
9.909003816095807338e+01,8.212761947688218811e+01,5.590032287367907138e+00,8.231764295649733754e+01
1.002374467254545181e+02,8.247481020183509770e+01,-8.238004415710160622e-01,8.247892436856977838e+01
1.013981416549409005e+02,8.164681067609157594e+01,-7.171158491106610633e+00,8.196113229868234384e+01
1.025722767982729806e+02,7.972424368974911602e+01,-1.314450769142542619e+01,8.080057620062152068e+01
1.037600077857921974e+02,7.688368798718393293e+01,-1.849419879119668053e+01,7.907677830715508094e+01
1.049614920499544723e+02,7.335972752459768742e+01,-2.305787805754873787e+01,7.689808426092292848e+01
1.061768888461977127e+02,6.940194918042999461e+01,-2.676656454830824572e+01,7.438467266689917778e+01
1.074063592740505584e+02,6.523961036427702709e+01,-2.963139819970467670e+01,7.165351714851229303e+01
1.086500662984866210e+02,6.106034881240351808e+01,-3.172020896678119684e+01,6.880797812745738895e+01
1.099081747715249833e+02,5.700276793897111816e+01,-3.313281105689848260e+01,6.593253158522223600e+01
1.111808514540807522e+02,5.315897640401676227e+01,-3.398062853597487276e+01,6.309167843719741597e+01
1.124682650380698306e+02,4.958240577614075306e+01,-3.437266915004202872e+01,6.033154520686608890e+01
1.137705861687682756e+02,4.629722807398461271e+01,-3.440745397873688916e+01,5.768280694135338393e+01
1.150879874674313470e+02,4.330716547382060355e+01,-3.416945625316612478e+01,5.516395854191315351e+01
1.164206435541743332e+02,4.060271091674987076e+01,-3.372846806867266878e+01,5.278436977030824551e+01
1.177687310711178128e+02,3.816655642354265865e+01,-3.314060797640061651e+01,5.054686861000327269e+01
1.191324287058020843e+02,3.597741709055939907e+01,-3.245007951543475144e+01,4.844979051622528488e+01
1.205119172148716302e+02,3.401257814298797655e+01,-3.169113642112082374e+01,4.648853191481695291e+01
1.219073794480338933e+02,3.224949805548877180e+01,-3.088995973872125944e+01,4.465668748900655061e+01
1.233190003722964576e+02,3.066675000885465607e+01,-3.006631193811450586e+01,4.294685867051970263e+01
1.247469670964838429e+02,2.924451906934634948e+01,-2.923492609248504337e+01,4.135121279032121322e+01
1.261914688960386144e+02,2.796481270339727487e+01,-2.840663699054460167e+01,3.986185864518445499e+01
1.276526972381097949e+02,2.681149412858824377e+01,-2.758928315787554197e+01,3.847108995821091781e+01
1.291308458069311484e+02,2.577021207026551153e+01,-2.678841593852661518e+01,3.717153559703937304e+01
1.306261105294944684e+02,2.482827491359817884e+01,-2.600785132457785664e+01,3.595624515583565284e+01
1.321386896015193031e+02,2.397449963654001692e+01,-2.525009634368428735e+01,3.481873056542693945e+01
1.336687835137229854e+02,2.319905410645358046e+01,-2.451667681588569536e+01,3.375297843937254783e+01
1.352165950783963808e+02,2.249330358555828724e+01,-2.380838832034874741e+01,3.275344349232013030e+01
1.367823294562858791e+02,2.184966732632895514e+01,-2.312548777664278532e+01,3.181503020867498677e+01
1.383661941837872575e+02,2.126148802798515902e+01,-2.246783930899200499e+01,3.093306768458056411e+01
1.399683992004546269e+02,2.072291503347169339e+01,-2.183502502303916160e+01,3.010328097136977377e+01
1.415891568768276443e+02,2.022880104225447795e+01,-2.122642890733894561e+01,2.932176113001110807e+01
1.432286820425804308e+02,1.977461151087252489e+01,-2.064130017698949970e+01,2.858493542764298567e+01
1.448871920149979928e+02,1.935634562175562223e+01,-2.007880090606549572e+01,2.788953857012113957e+01
1.465649066277809141e+02,1.897046759870952926e+01,-1.953804166133220477e+01,2.723258549740808121e+01
1.482620482601835477e+02,1.861384715599074013e+01,-1.901810797874270520e+01,2.661134602078033495e+01
1.499788418664911944e+02,1.828370793726435650e+01,-1.851807985708466120e+01,2.602332141615570649e+01
1.517155150058367497e+02,1.797758290002356318e+01,-1.803704593285007718e+01,2.546622298086159475e+01
1.534722978723637254e+02,1.769327571147670497e+01,-1.757411361028265162e+01,2.493795249392887570e+01
1.552494233257384053e+02,1.742882733249624749e+01,-1.712841612229418686e+01,2.443658447992345017e+01
1.570471269220143711e+02,1.718248707089183824e+01,-1.669911726978986977e+01,2.396035015461083617e+01
1.588656469448562802e+02,1.695268748099107370e+01,-1.628541441228192355e+01,2.350762292125495279e+01
1.607052244371235759e+02,1.673802257211190181e+01,-1.588654014883688426e+01,2.307690528483257708e+01
1.625661032328199269e+02,1.653722886389623881e+01,-1.550176302573695786e+01,2.266681705495917853e+01
1.644485299894142543e+02,1.634916889216118108e+01,-1.513038752840227552e+01,2.227608471486948716e+01
1.663527542205341945e+02,1.617281682572946622e+01,-1.477175355452489747e+01,2.190353184201618575e+01
1.682790283290389652e+02,1.600724590356115229e+01,-1.442523551874456267e+01,2.154807047483196314e+01
1.702276076404753837e+02,1.585161744337990086e+01,-1.409024120330406404e+01,2.120869332935325957e+01
1.721987504369201645e+02,1.570517120877744688e+01,-1.376621044147573869e+01,2.088446677835007037e+01
1.741927179912161421e+02,1.556721695232013403e+01,-1.345261369924908479e+01,2.057452451411277394e+01
1.762097746016029589e+02,1.543712697821955615e+01,-1.314895060436335505e+01,2.027806182399248769e+01
1.782501876267492094e+02,1.531432959031721985e+01,-1.285474845913554454e+01,1.999433041510800990e+01
1.803142275211914409e+02,1.519830331004220803e+01,-1.256956076382013521e+01,1.972263373130999042e+01
1.824021678711819447e+02,1.508857176512054465e+01,-1.229296576977892208e+01,1.946232271154060456e+01
1.845142854309525831e+02,1.498469916356488163e+01,-1.202456507602688696e+01,1.921279194417478564e+01
1.866508601593981211e+02,1.488628627921209535e+01,-1.176398227836076593e+01,1.897347617681705856e+01
1.888121752571847480e+02,1.479296688510782154e+01,-1.151086167696466234e+01,1.874384714539975150e+01
1.909985172042871966e+02,1.470440457961943714e+01,-1.126486704588593568e+01,1.852341069032968335e+01
1.932101757979626484e+02,1.462028995751037286e+01,-1.102568046590080364e+01,1.831170413090559990e+01
1.954474441911622478e+02,1.454033808451453780e+01,-1.079300122090161906e+01,1.810829387232181276e+01
1.977106189313878417e+02,1.446428623936526137e+01,-1.056654475692341855e+01,1.791277322232258484e+01
2.000000000000000284e+02,1.439189189189189122e+01,-1.034604170220261388e+01,1.772476039701578543e+01
2.023158908519796739e+02,1.432293088980999940e+01,-1.013123694615719295e+01,1.754389669752572445e+01
2.046585984561507416e+02,1.425719583029303195e+01,-9.921888774843035108e+00,1.736984484109403937e+01
2.070284333358688400e+02,1.419449459540440373e+01,-9.717768060235531635e+00,1.720228743195214349e+01
2.094257096101799505e+02,1.413464903305741416e+01,-9.518657500577191399e+00,1.704092555881297599e+01
2.118507450354577486e+02,1.407749376741339198e+01,-9.324350908995514331e+00,1.688547750718493745e+01
2.143038610475214227e+02,1.402287512457575858e+01,-9.134652547613738349e+00,1.673567757591761662e+01
2.167853828042408111e+02,1.397065016113019276e+01,-8.949376504433031343e+00,1.659127498846261162e+01
2.192956392286370431e+02,1.392068578455464412e+01,-8.768346110348614886e+00,1.645203289028949811e+01
2.218349630524802194e+02,1.387285795580816483e+01,-8.591393393765534015e+00,1.631772742475090965e+01
2.244036908603926292e+02,1.382705096552936830e+01,-8.418358570394122609e+00,1.618814688045160111e+01
2.270021631344629043e+02,1.378315677625687563e+01,-8.249089565927210543e+00,1.606309090385673244e+01
2.296307242993765954e+02,1.374107442394348766e+01,-8.083441569426121021e+00,1.594236977148253587e+01
2.322897227680685432e+02,1.370070947278984796e+01,-7.921276615367939478e+00,1.582580371655633833e+01
2.349795109879060817e+02,1.366197351808542848e+01,-7.762463192429780889e+00,1.571322230552010879e+01
2.377004454874038117e+02,1.362478373232730178e+01,-7.606875877206700665e+00,1.560446386018820775e+01
2.404528869234826516e+02,1.358906245040009964e+01,-7.454394991175214535e+00,1.549937492176159104e+01
2.432372001292736172e+02,1.355473679005326026e+01,-7.304906279326170093e+00,1.539780975325264478e+01
2.460537541624762525e+02,1.352173830431127932e+01,-7.158300608995730840e+00,1.529962987719073908e+01
2.489029223542769103e+02,1.349000266280631521e+01,-7.014473687523560486e+00,1.520470364576310551e+01
2.517850823588335345e+02,1.345946935933549504e+01,-6.873325797461374620e+00,1.511290584080173005e+01
2.547006162033323733e+02,1.343008144322295649e+01,-6.734761548143719523e+00,1.502411730125789369e+01
2.576499103386270235e+02,1.340178527231310923e+01,-6.598689642515495279e+00,1.493822457601403819e+01
2.606333556904600641e+02,1.337453028564077684e+01,-6.465022658188883220e+00,1.485511960007114851e+01
2.636513477112815167e+02,1.334826879401883737e+01,-6.333676841774024346e+00,1.477469939231934859e+01
2.667042864326648441e+02,1.332295578695785210e+01,-6.204571915595951559e+00,1.469686577325368937e+01
2.697925765183306908e+02,1.329854875448721607e+01,-6.077630895972581548e+00,1.462152510113613246e+01
2.729166273177847870e+02,1.327500752258587369e+01,-5.952779922287188441e+00,1.454858802523107286e+01
2.760768529205770960e+02,1.325229410105449546e+01,-5.829948096142893554e+00,1.447796925485628883e+01
2.792736722111875451e+02,1.323037254277196162e+01,-5.709067329937234092e+00,1.440958734309525191e+01
2.825075089245511322e+02,1.320920881337831254e+01,-5.590072204241143261e+00,1.434336448411113629e+01
2.857787917022207580e+02,1.318877067051561269e+01,-5.472899833410728831e+00,1.427922632308907858e+01
2.890879541491856344e+02,1.316902755183814300e+01,-5.357489738899458231e+00,1.421710177791117680e+01
2.924354348913436752e+02,1.314995047107551329e+01,-5.243783729776496649e+00,1.415692287174044850e+01
2.958216776336414569e+02,1.313151192149700108e+01,-5.131725789990757569e+00,1.409862457575468930e+01
2.992471312188865795e+02,1.311368578618387915e+01,-5.021261971952572623e+00,1.404214466133069550e+01
3.027122496872414672e+02,1.309644725456920256e+01,-4.912340296034381382e+00,1.398742356103354645e+01
3.062174923364061101e+02,1.307977274475204155e+01,-4.804910655619336168e+00,1.393440423781521353e+01
3.097633237824962862e+02,1.306363983113616278e+01,-4.698924727352181030e+00,1.388303206187211103e+01
3.133502140216300518e+02,1.304802717698202308e+01,-4.594335886270211944e+00,1.383325469465272839e+01
3.169786384922228422e+02,1.303291447149616111e+01,-4.491099125514354640e+00,1.378502197954467867e+01
3.206490781380084059e+02,1.301828237111392639e+01,-4.389170980340163730e+00,1.373828583880521315e+01
3.243620194717860272e+02,1.300411244466048188e+01,-4.288509456167889589e+00,1.369300017633151967e+01
3.281179546399077935e+02,1.299038712210123236e+01,-4.189073960427804444e+00,1.364912078589635058e+01
3.319173814875119888e+02,1.297708964661670095e+01,-4.090825237973390927e+00,1.360660526450173791e+01
3.357608036245121639e+02,1.296420402975864228e+01,-3.993725309849987415e+00,1.356541293052837993e+01
3.396487304923488750e+02,1.295171500946382892e+01,-3.897737415220443147e+00,1.352550474638118416e+01
3.435816774315179032e+02,1.293960801072006106e+01,-3.802825956262182228e+00,1.348684324535256707e+01
3.475601657498752957e+02,1.292786910869526373e+01,-3.708956445862470197e+00,1.344939246244461550e+01
3.515847227917386704e+02,1.291648499415557083e+01,-3.616095457949365155e+00,1.341311786890907953e+01
3.556558820077846121e+02,1.290544294101190914e+01,-3.524210580306755602e+00,1.337798631028078766e+01
3.597741830257575089e+02,1.289473077584715810e+01,-3.433270369731229898e+00,1.334396594769539668e+01
3.639401717219965349e+02,1.288433684928730827e+01,-3.343244309397653602e+00,1.331102620229644806e+01
3.681544002937912978e+02,1.287425000909056649e+01,-3.254102768308766436e+00,1.327913770254993686e+01
3.724174273325735385e+02,1.286445957483787694e+01,-3.165816962711866189e+00,1.324827223429652001e+01
3.767298178979604586e+02,1.285495531411717174e+01,-3.078358919372822022e+00,1.321840269338287222e+01
3.810921435926497338e+02,1.284572742010163893e+01,-2.991701440604777495e+00,1.318950304072400570e+01
3.855049826381873572e+02,1.283676649042976692e+01,-2.905818070954734544e+00,1.316154825965804243e+01
3.899689199516091662e+02,1.282806350730165157e+01,-2.820683065457588512e+00,1.313451431546380199e+01
3.944845472229707184e+02,1.281960981871233152e+01,-2.736271359372366430e+00,1.310837811691999910e+01
3.990524629937758050e+02,1.281139712074864967e+01,-2.652558539320666320e+00,1.308311747979241169e+01
4.036732727363120148e+02,1.280341744088139677e+01,-2.569520815752111886e+00,1.305871109214264436e+01
4.083475889339059677e+02,1.279566312218942592e+01,-2.487134996666074294e+00,1.303513848135874476e+01
4.130760311621058918e+02,1.278812680845681093e+01,-2.405378462523142247e+00,1.301237998281413510e+01
4.178592261708081992e+02,1.278080143008837410e+01,-2.324229142283626981e+00,1.299041671006706267e+01
4.226978079673295952e+02,1.277368019079261963e+01,-2.243665490514259453e+00,1.296923052651823127e+01
4.275924179004465486e+02,1.276675655498471507e+01,-2.163666465507400272e+00,1.294880401844921280e+01
4.325437047454040567e+02,1.276002423586536771e+01,-2.084211508360506837e+00,1.292912046936890036e+01
4.375523247899104149e+02,1.275347718413448028e+01,-2.005280522966493173e+00,1.291016383559974656e+01
4.426189419211273730e+02,1.274710957730123972e+01,-1.926853856868426806e+00,1.289191872303939412e+01
4.477442277136680673e+02,1.274091580955488290e+01,-1.848912282934705331e+00,1.287437036503736465e+01
4.529288615186119955e+02,1.273489048216276842e+01,-1.771436981813281797e+00,1.285750460132974737e+01
4.581735305535549969e+02,1.272902839436458144e+01,-1.694409525125762705e+00,1.284130785797835550e+01
4.634789299936959992e+02,1.272332453473355862e+01,-1.617811859364588045e+00,1.282576712826385545e+01
4.688457630639845775e+02,1.271777407297754081e+01,-1.541626290458212534e+00,1.281086995448520227e+01
4.742747411323311439e+02,1.271237235215439121e+01,-1.465835468971468547e+00,1.279660441062058140e+01
4.797665838038980155e+02,1.270711488127798283e+01,-1.390422375909830865e+00,1.278295908580744644e+01
4.853220190164829546e+02,1.270199732829246742e+01,-1.315370309098124135e+00,1.276992306860170245e+01
4.909417831370062686e+02,1.269701551339397660e+01,-1.240662870105754934e+00,1.275748593197838332e+01
4.966266210591141430e+02,1.269216540268018711e+01,-1.166283951692089094e+00,1.274563771903808806e+01
5.023772863019165129e+02,1.268744310210945159e+01,-1.092217725746886359e+00,1.273436892938556397e+01
5.081945411098613476e+02,1.268284485175228582e+01,-1.018448631702245866e+00,1.272367050614859707e+01
5.140791565537730321e+02,1.267836702031912921e+01,-9.449613653934454405e-01,1.271353382360710960e+01
5.200319126330545032e+02,1.267400609994922078e+01,-8.717408683475826869e-01,1.270395067540398593e+01
5.260535983790763339e+02,1.266975870124640835e+01,-7.987723174797145553e-01,1.269491326331066183e+01
5.321450119597617459e+02,1.266562154854854860e+01,-7.260411151774581739e-01,1.268641418652195263e+01
5.383069607853828984e+02,1.266159147541794283e+01,-6.535328797558519476e-01,1.267844643145595818e+01
5.445402616155826081e+02,1.265766542034103992e+01,-5.812334362652982200e-01,1.267100336203609601e+01
5.508457406676333221e+02,1.265384042262632747e+01,-5.091288076362250337e-01,1.266407871043358391e+01
5.572242337259544911e+02,1.265011361848995897e+01,-4.372052061449052118e-01,1.265766656824966852e+01
5.636765862528910702e+02,1.264648223731931864e+01,-3.654490251857751559e-01,1.265176137811815948e+01
5.702036535007820248e+02,1.264294359810527446e+01,-2.938468313361179973e-01,1.264635792570957484e+01
5.768063006253212279e+02,1.263949510603441162e+01,-2.223853566999021147e-01,1.264145133211936312e+01
5.834854028002332598e+02,1.263613424923305040e+01,-1.510514915180314333e-01,1.263703704662332150e+01
5.902418453332768422e+02,1.263285859565529634e+01,-7.983227703299800027e-02,1.263311083978440408e+01
5.970765237835921653e+02,1.262966579010785395e+01,-8.714898596435816103e-03,1.262966879689559363e+01
6.039903440804032471e+02,1.262655355140469204e+01,6.231332099125630464e-02,1.262670731174455696e+01
6.109842226431031804e+02,1.262351966964509487e+01,1.332649279197632985e-01,1.262422308068619614e+01
6.180590865027185146e+02,1.262056200360895453e+01,2.041523435958487731e-01,1.262221309701011762e+01
6.252158734247911980e+02,1.261767847826351385e+01,2.749878706681578855e-01,1.262067464559041952e+01
6.324555320336759223e+02,1.261486708237610799e+01,3.457836988586011628e-01,1.261960529780597540e+01
6.397790219382795840e+02,1.261212586622769649e+01,4.165519106090127543e-01,1.261900290671975888e+01
6.471873138592562782e+02,1.260945293942235068e+01,4.873044865511899637e-01,1.261886560250642830e+01
6.546813897576766976e+02,1.260684646878803328e+01,5.580533108081158211e-01,1.261919178811769982e+01
6.622622429651822813e+02,1.260430467636431828e+01,6.288101761337414608e-01,1.261998013517567863e+01
6.699308783156559457e+02,1.260182583747291218e+01,6.995867888985345395e-01,1.262122958008455065e+01
6.776883122784055331e+02,1.259940827886705073e+01,7.703947739273830919e-01,1.262293932035158583e+01
6.855355730929010178e+02,1.259705037695607643e+01,8.412456791964895153e-01,1.262510881110875616e+01
6.934737009050634242e+02,1.259475055610167438e+01,9.121509803952982942e-01,1.262773776182652519e+01
7.015037479051360378e+02,1.259250728698243549e+01,9.831220853594029307e-01,1.263082613321184056e+01
7.096267784671507570e+02,1.259031908502361397e+01,1.054170338380061356e+00,1.263437413428263767e+01
7.178438692900100477e+02,1.258818450888904472e+01,1.125307024395711952e+00,1.263838221961135488e+01
7.261561095402029196e+02,1.258610215903243024e+01,1.196543373070612315e+00,1.264285108673039737e+01
7.345646009961693608e+02,1.258407067630528076e+01,1.267890562765519036e+00,1.264778167369267692e+01
7.430704581943456333e+02,1.258208874061894988e+01,1.339359724405210006e+00,1.265317515678056814e+01
7.516748085768887222e+02,1.258015506965836217e+01,1.410961945247199978e+00,1.265903294835694481e+01
7.603787926411225726e+02,1.257826841764509851e+01,1.482708272556131135e+00,1.266535669485208437e+01
7.691835640907071365e+02,1.257642757414769008e+01,1.554609717187845241e+00,1.267214827488051654e+01
7.780902899885610395e+02,1.257463136293701567e+01,1.626677257087165263e+00,1.267940979748205166e+01
7.871001509115545787e+02,1.257287864088482721e+01,1.698921840703158104e+00,1.268714360048139689e+01
7.962143411069947661e+02,1.257116829690355786e+01,1.771354390325524442e+00,1.269535224896097958e+01
8.054340686509182206e+02,1.256949925092557940e+01,1.843985805345549345e+00,1.270403853384169146e+01
8.147605556082261273e+02,1.256787045292025518e+01,1.916826965445082021e+00,1.271320547056655315e+01
8.241950381946609241e+02,1.256628088194714898e+01,1.989888733716557834e+00,1.272285629788226835e+01
8.337387669406710984e+02,1.256472954524385344e+01,2.063181959717342195e+00,1.273299447671390894e+01
8.433930068571646643e+02,1.256321547734698818e+01,2.136717482461188311e+00,1.274362368912807497e+01
8.531590376031851974e+02,1.256173773924496118e+01,2.210506133349724678e+00,1.275474783737992546e+01
8.630381536555300954e+02,1.256029541756116785e+01,2.284558739046679054e+00,1.276637104303970283e+01
8.730316644803323243e+02,1.255888762376636869e+01,2.358886124297443931e+00,1.277849764619436890e+01
8.831408947066252040e+02,1.255751349341904266e+01,2.433499114696468624e+00,1.279113220472018497e+01
8.933671843019270682e+02,1.255617218543254410e+01,2.508408539404994642e+00,1.280427949362203499e+01
9.037118887498453432e+02,1.255486288136801143e+01,2.583625233821289946e+00,1.281794450443558375e+01
9.141763792297505233e+02,1.255358478475194062e+01,2.659160042205789054e+00,1.283213244468819347e+01
9.247620427985208380e+02,1.255233712041744631e+01,2.735023820263140060e+00,1.284684873741480970e+01
9.354702825743963785e+02,1.255111913386826217e+01,2.811227437683333719e+00,1.286209902072510047e+01
9.463025179229606465e+02,1.254993009066456899e+01,2.887781780643833951e+00,1.287788914741800461e+01
9.572601846452762402e+02,1.254876927582978574e+01,2.964697754274661534e+00,1.289422518464024670e+01
9.683447351681988948e+02,1.254763599327747592e+01,3.041986285088269515e+00,1.291111341358511844e+01
9.795576387368923861e+02,1.254652956525763408e+01,3.119658323375954723e+00,1.292856032922818521e+01
9.909003816095812454e+02,1.254544933182152100e+01,3.197724845572617269e+00,1.294657264009642894e+01
1.002374467254545152e+03,1.254439465030439926e+01,3.276196856591363282e+00,1.296515726806754820e+01
1.013981416549409005e+03,1.254336489482542305e+01,3.355085392129719679e+00,1.298432134819610084e+01
1.025722767982729692e+03,1.254235945580406941e+01,3.434401520948860309e+00,1.300407222856338763e+01
1.037600077857922088e+03,1.254137773949243595e+01,3.514156347127399105e+00,1.302441747014783857e+01
1.049614920499544723e+03,1.254041916752284003e+01,3.594361012291166446e+00,1.304536484671291419e+01
1.061768888461976985e+03,1.253948317647011734e+01,3.675026697820361399e+00,1.306692234470954261e+01
1.074063592740505555e+03,1.253856921742809405e+01,3.756164627035386339e+00,1.308909816319012798e+01
1.086500662984867404e+03,1.253767675559966044e+01,3.837786067362728204e+00,1.311190071373130372e+01
1.099081747715249776e+03,1.253680526989999322e+01,3.919902332482022800e+00,1.313533862036264033e+01
1.111808514540807664e+03,1.253595425257240059e+01,4.002524784455665952e+00,1.315942071949863390e+01
1.124682650380698306e+03,1.253512320881635311e+01,4.085664835841970266e+00,1.318415605987133432e+01
1.137705861687682727e+03,1.253431165642722789e+01,4.169333951793146475e+00,1.320955390246099803e+01
1.150879874674313442e+03,1.253351912544738234e+01,4.253543652139123665e+00,1.323562372042240831e+01
1.164206435541743303e+03,1.253274515782809395e+01,4.338305513458310614e+00,1.326237519900437434e+01
1.177687310711178043e+03,1.253198930710202852e+01,4.423631171136273466e+00,1.328981823546011043e+01
1.191324287058022037e+03,1.253125113806582824e+01,4.509532321413471934e+00,1.331796293894636563e+01
1.205119172148716416e+03,1.253053022647246451e+01,4.596020723422787668e+00,1.334681963040902986e+01
1.219073794480338847e+03,1.252982615873301953e+01,4.683108201218048272e+00,1.337639884245330002e+01
1.233190003722964548e+03,1.252913853162756652e+01,4.770806645794271716e+00,1.340671131919642001e+01
1.247469670964838542e+03,1.252846695202480731e+01,4.859128017100589503e+00,1.343776801610109750e+01
1.261914688960386229e+03,1.252781103661019912e+01,4.948084346046724313e+00,1.346958009978800241e+01
1.276526972381096812e+03,1.252717041162224554e+01,5.037687736503841052e+00,1.350215894782553150e+01
1.291308458069311428e+03,1.252654471259667979e+01,5.127950367300593726e+00,1.353551614849548912e+01
1.306261105294944628e+03,1.252593358411828461e+01,5.218884494215136449e+00,1.356966350053314763e+01
1.321386896015193088e+03,1.252533667958006092e+01,5.310502451963973414e+00,1.360461301284049895e+01
1.336687835137229968e+03,1.252475366094953202e+01,5.402816656188202948e+00,1.364037690417142912e+01
1.352165950783964036e+03,1.252418419854189935e+01,5.495839605438170850e+00,1.367696760278788481e+01
1.367823294562858791e+03,1.252362797079985590e+01,5.589583883156959310e+00,1.371439774608599294e+01
1.383661941837872746e+03,1.252308466407983012e+01,5.684062159663635150e+00,1.375268018019147753e+01
1.399683992004546326e+03,1.252255397244441504e+01,5.779287194136800920e+00,1.379182795952360507e+01
1.415891568768276329e+03,1.252203559746083172e+01,5.875271836599226027e+00,1.383185434632726007e+01
1.432286820425804081e+03,1.252152924800517120e+01,5.972029029904057928e+00,1.387277281017265729e+01
1.448871920149981406e+03,1.252103464007227274e+01,6.069571811723500687e+00,1.391459702742261584e+01
1.465649066277809197e+03,1.252055149659103073e+01,6.167913316540248658e+00,1.395734088066715017e+01
1.482620482601835647e+03,1.252007954724495775e+01,6.267066777642635422e+00,1.400101845812559276e+01
1.499788418664911887e+03,1.251961852829783162e+01,6.367045529123826597e+00,1.404564405301636931e+01
1.517155150058367326e+03,1.251916818242428420e+01,6.467863007885788384e+00,1.409123216289483693e+01
1.534722978723637425e+03,1.251872825854513849e+01,6.569532755648559430e+00,1.413779748895972865e+01
1.552494233257384167e+03,1.251829851166738194e+01,6.672068420965416635e+00,1.418535493532882086e+01
1.570471269220143768e+03,1.251787870272858427e+01,6.775483761244412761e+00,1.423391960828473479e+01
1.588656469448564621e+03,1.251746859844568327e+01,6.879792644777012356e+00,1.428350681549183321e+01
1.607052244371235702e+03,1.251706797116792202e+01,6.985009052774064031e+00,1.433413206518530103e+01
1.625661032328199326e+03,1.251667659873388949e+01,7.091147081409999053e+00,1.438581106533385956e+01
1.644485299894142599e+03,1.251629426433246550e+01,7.198220943875432098e+00,1.443855972277736122e+01
1.663527542205341888e+03,1.251592075636760626e+01,7.306244972438921792e+00,1.449239414234109447e+01
1.682790283290389652e+03,1.251555586832682110e+01,7.415233620518256963e+00,1.454733062592839410e+01
1.702276076404752075e+03,1.251519939865322151e+01,7.525201464761822834e+00,1.460338567159353751e+01
1.721987504369201815e+03,1.251485115062107134e+01,7.636163207140524989e+00,1.466057597259699108e+01
1.741927179912161364e+03,1.251451093221468192e+01,7.748133677050712542e+00,1.471891841644514898e+01
1.762097746016029532e+03,1.251417855601059870e+01,7.861127833428709799e+00,1.477843008391700153e+01
1.782501876267491980e+03,1.251385383906294457e+01,7.975160766877183782e+00,1.483912824808005482e+01
1.803142275211914239e+03,1.251353660279183977e+01,8.090247701804120339e+00,1.490103037329828339e+01
1.824021678711819504e+03,1.251322667287481494e+01,8.206403998574590020e+00,1.496415411423468100e+01
1.845142854309526001e+03,1.251292387914110726e+01,8.323645155675926333e+00,1.502851731485135645e+01
1.866508601593981211e+03,1.251262805546878099e+01,8.441986811896725840e+00,1.509413800741011968e+01
1.888121752571847310e+03,1.251233903968455863e+01,8.561444748520120385e+00,1.516103441147658337e+01
1.909985172042872136e+03,1.251205667346631678e+01,8.682034891531676735e+00,1.522922493293097546e+01
1.932101757979628474e+03,1.251178080224813094e+01,8.803773313842597759e+00,1.529872816298897220e+01
1.954474441911622534e+03,1.251151127512784633e+01,8.926676237528331725e+00,1.536956287723578107e+01
1.977106189313878531e+03,1.251124794477703084e+01,9.050760036083350002e+00,1.544174803467699775e+01
2.000000000000000227e+03,1.251099066735332244e+01,9.176041236692269010e+00,1.551530277680970471e+01
2.023158908519796796e+03,1.251073930241503085e+01,9.302536522517900863e+00,1.559024642671730021e+01
2.046585984561509576e+03,1.251049371283797917e+01,9.430262735006602171e+00,1.566659848819177547e+01
2.070284333358688400e+03,1.251025376473448958e+01,9.559236876211292255e+00,1.574437864488692007e+01
2.094257096101799561e+03,1.251001932737446865e+01,9.689476111132732328e+00,1.582360675950633677e+01
2.118507450354577486e+03,1.250979027310853375e+01,9.820997770079264555e+00,1.590430287302976176e+01
2.143038610475214227e+03,1.250956647729311300e+01,9.953819351045620323e+00,1.598648720398155021e+01
2.167853828042408168e+03,1.250934781821746355e+01,1.008795852211101973e+01,1.607018014774489956e+01
2.192956392286370374e+03,1.250913417703257657e+01,1.022343312385724978e+01,1.615540227592572364e+01
2.218349630524802251e+03,1.250892543768187792e+01,1.036026117180685979e+01,1.624217433576962932e+01
2.244036908603926349e+03,1.250872148683370533e+01,1.049846085888204250e+01,1.633051724963583240e+01
2.270021631344631260e+03,1.250852221381551388e+01,1.063805055788460407e+01,1.642045211453159581e+01
2.296307242993766067e+03,1.250832751054973180e+01,1.077904882399734454e+01,1.651200020171068772e+01
2.322897227680685319e+03,1.250813727149125043e+01,1.092147439730745440e+01,1.660518295633958985e+01
2.349795109879058600e+03,1.250795139356650409e+01,1.106534620535210145e+01,1.670002199723468550e+01
2.377004454874037947e+03,1.250776977611406160e+01,1.121068336568680124e+01,1.679653911667397992e+01
2.404528869234826743e+03,1.250759232082674366e+01,1.135750518847687296e+01,1.689475628028658960e+01
2.432372001292736059e+03,1.250741893169516494e+01,1.150583117911253694e+01,1.699469562702329739e+01
2.460537541624762525e+03,1.250724951495271142e+01,1.165568104084789347e+01,1.709637946921118967e+01
2.489029223542771433e+03,1.250708397902189084e+01,1.180707467746431938e+01,1.719983029269548425e+01
2.517850823588335061e+03,1.250692223446201012e+01,1.196003219595861822e+01,1.730507075707137687e+01
2.547006162033323562e+03,1.250676419391817440e+01,1.211457390925650301e+01,1.741212369600882681e+01
2.576499103386267507e+03,1.250660977207154723e+01,1.227072033895159109e+01,1.752101211767276112e+01
2.606333556904600300e+03,1.250645888559084007e+01,1.242849221807052018e+01,1.763175920524136231e+01
2.636513477112815053e+03,1.250631145308500969e+01,1.258791049386449856e+01,1.774438831752475920e+01
2.667042864326648214e+03,1.250616739505713326e+01,1.274899633062784865e+01,1.785892298968648717e+01
2.697925765183306794e+03,1.250602663385940971e+01,1.291177111254377863e+01,1.797538693406962551e+01
2.729166273177851053e+03,1.250588909364927837e+01,1.307625644655797181e+01,1.809380404112979335e+01
2.760768529205770847e+03,1.250575470034661230e+01,1.324247416528028154e+01,1.821419838047661699e+01
2.792736722111875679e+03,1.250562338159197395e+01,1.341044632991518348e+01,1.833659420202550905e+01
2.825075089245508480e+03,1.250549506670588862e+01,1.358019523322115063e+01,1.846101593726108803e+01
2.857787917022207694e+03,1.250536968664910553e+01,1.375174340249954241e+01,1.858748820061365947e+01
2.890879541491856344e+03,1.250524717398385555e+01,1.392511360261342013e+01,1.871603579094997727e+01
2.924354348913437207e+03,1.250512746283603427e+01,1.410032883903676648e+01,1.884668369317923009e+01
2.958216776336414569e+03,1.250501048885830890e+01,1.427741236093445032e+01,1.897945707997518383e+01
2.992471312188868978e+03,1.250489618919414525e+01,1.445638766427348898e+01,1.911438131361517279e+01
3.027122496872417742e+03,1.250478450244267492e+01,1.463727849496591737e+01,1.925148194793642986e+01
3.062174923364061215e+03,1.250467536862444717e+01,1.482010885204397965e+01,1.939078473041035267e+01
3.097633237824962634e+03,1.250456872914799256e+01,1.500490299086775536e+01,1.953231560433473035e+01
3.133502140216297448e+03,1.250446452677720721e+01,1.519168542636594310e+01,1.967610071114419057e+01
3.169786384922228535e+03,1.250436270559951524e+01,1.538048093631016044e+01,1.982216639283880610e+01
3.206490781380084172e+03,1.250426321099481264e+01,1.557131456462314567e+01,1.997053919453060900e+01
3.243620194717860159e+03,1.250416598960515024e+01,1.576421162472158422e+01,2.012124586710786645e+01
3.281179546399077935e+03,1.250407098930514849e+01,1.595919770289370376e+01,2.027431337001651102e+01
3.319173814875123298e+03,1.250397815917313871e+01,1.615629866171237694e+01,2.042976887415831655e+01
3.357608036245121639e+03,1.250388744946297059e+01,1.635554064348397318e+01,2.058763976490490677e+01
3.396487304923488864e+03,1.250379881157652839e+01,1.655695007373378758e+01,2.074795364522718444e+01
3.435816774315175735e+03,1.250371219803687417e+01,1.676055366472812125e+01,2.091073833893885592e+01
3.475601657498752957e+03,1.250362756246206608e+01,1.696637841903379851e+01,2.107602189405336546e+01
3.515847227917386590e+03,1.250354485953957706e+01,1.717445163311545642e+01,2.124383258625290338e+01
3.556558820077846121e+03,1.250346404500134057e+01,1.738480090097130315e+01,2.141419892246856449e+01
3.597741830257575202e+03,1.250338507559938428e+01,1.759745411780755120e+01,2.158714964457010765e+01
3.639401717219969214e+03,1.250330790908205714e+01,1.781243948375231767e+01,2.176271373316417268e+01
3.681544002937913319e+03,1.250323250417079812e+01,1.802978550760924747e+01,2.194092041149936989e+01
3.724174273325735612e+03,1.250315882053749128e+01,1.824952101065170851e+01,2.212179914947702741e+01
3.767298178979600834e+03,1.250308681878232875e+01,1.847167513045771159e+01,2.230537966776576653e+01
3.810921435926496997e+03,1.250301646041222270e+01,1.869627732478634030e+01,2.249169194201847688e+01
3.855049826381873572e+03,1.250294770781971465e+01,1.892335737549602115e+01,2.268076620719004666e+01
3.899689199516091321e+03,1.250288052426239105e+01,1.915294539250549377e+01,2.287263296195427387e+01
3.944845472229707411e+03,1.250281487384279089e+01,1.938507181779761623e+01,2.306732297321810776e+01
3.990524629937762256e+03,1.250275072148877697e+01,1.961976742946684027e+01,2.326486728073160748e+01
4.036732727363124013e+03,1.250268803293438502e+01,1.985706334581070820e+01,2.346529720179183442e+01
4.083475889339059904e+03,1.250262677470112038e+01,2.009699102946626326e+01,2.366864433603920403e+01
4.130760311621058463e+03,1.250256691407968646e+01,2.033958229159145148e+01,2.387494057034405515e+01
4.178592261708077785e+03,1.250250841911216604e+01,2.058486929609248861e+01,2.408421808378220419e+01
4.226978079673295724e+03,1.250245125857459705e+01,2.083288456389757926e+01,2.429650935269746981e+01
4.275924179004465259e+03,1.250239540195998345e+01,2.108366097727752830e+01,2.451184715584945906e+01
4.325437047454041021e+03,1.250234081946168807e+01,2.133723178421409727e+01,2.473026457964520475e+01
4.375523247899104717e+03,1.250228748195722162e+01,2.159363060281630098e+01,2.495179502345250100e+01
4.426189419211277709e+03,1.250223536099241883e+01,2.185289142578554689e+01,2.517647220499370775e+01
4.477442277136680786e+03,1.250218442876597891e+01,2.211504862493004353e+01,2.540433016581816617e+01
4.529288615186119387e+03,1.250213465811436819e+01,2.238013695572930573e+01,2.563540327685181808e+01
4.581735305535545194e+03,1.250208602249708711e+01,2.264819156194908345e+01,2.586972624402235255e+01
4.634789299936959651e+03,1.250203849598226746e+01,2.291924798030752441e+01,2.610733411395834480e+01
4.688457630639845775e+03,1.250199205323262142e+01,2.319334214519311033e+01,2.634826227976111923e+01
4.742747411323311098e+03,1.250194666949171207e+01,2.347051039343519463e+01,2.659254648684785849e+01
4.797665838038980837e+03,1.250190232057054729e+01,2.375078946912746147e+01,2.684022283886449500e+01
4.853220190164834094e+03,1.250185898283447905e+01,2.403421652850520118e+01,2.709132780366720183e+01
4.909417831370063141e+03,1.250181663319042791e+01,2.432082914487693515e+01,2.734589821937126075e+01
4.966266210591141316e+03,1.250177524907438631e+01,2.461066531361120013e+01,2.760397130046606762e+01
5.023772863019159558e+03,1.250173480843922391e+01,2.490376345717895390e+01,2.786558464399523061e+01
5.081945411098613476e+03,1.250169528974277711e+01,2.520016243025244407e+01,2.813077623580059239e+01
5.140791565537730094e+03,1.250165667193621033e+01,2.549990152486101636e+01,2.839958445682922772e+01
5.200319126330545259e+03,1.250161893445265271e+01,2.580302047560499545e+01,2.867204808950270234e+01
5.260535983790763567e+03,1.250158205719610649e+01,2.610955946492773805e+01,2.894820632414736039e+01
5.321450119597623598e+03,1.250154602053059527e+01,2.641955912844704812e+01,2.922809876548514296e+01
5.383069607853833986e+03,1.250151080526958580e+01,2.673306056034629208e+01,2.951176543918398565e+01
5.445402616155825854e+03,1.250147639266564248e+01,2.705010531882642866e+01,2.979924679846754643e+01
5.508457406676332539e+03,1.250144276440032343e+01,2.737073543161908162e+01,3.009058373078304527e+01
5.572242337259539454e+03,1.250140990257431639e+01,2.769499340156183820e+01,3.038581756452732208e+01
5.636765862528910475e+03,1.250137778969780200e+01,2.802292221223635948e+01,3.068499007583022831e+01
5.702036535007820021e+03,1.250134640868103908e+01,2.835456533366992460e+01,3.098814349539511070e+01
5.768063006253211825e+03,1.250131574282516844e+01,2.868996672810161286e+01,3.129532051539632320e+01
5.834854028002332598e+03,1.250128577581323341e+01,2.902917085581327328e+01,3.160656429643293563e+01
5.902418453332775243e+03,1.250125649170140107e+01,2.937222268102654610e+01,3.192191847453903719e+01
5.970765237835921653e+03,1.250122787491039844e+01,2.971916767786641245e+01,3.224142716825011235e+01
6.039903440804033380e+03,1.250119991021713517e+01,3.007005183639247292e+01,3.256513498572581256e+01
6.109842226431025665e+03,1.250117258274653054e+01,3.042492166869818604e+01,3.289308703192866545e+01
6.180590865027184918e+03,1.250114587796351984e+01,3.078382421507940236e+01,3.322532891585925796e+01
6.252158734247912435e+03,1.250111978166525084e+01,3.114680705027257090e+01,3.356190675784753097e+01
6.324555320336759905e+03,1.250109427997347034e+01,3.151391828976399623e+01,3.390286719690102046e+01
6.397790219382794930e+03,1.250106935932705987e+01,3.188520659617038433e+01,3.424825739810965786e+01
6.471873138592569376e+03,1.250104500647477757e+01,3.226072118569198466e+01,3.459812506010786848e+01
6.546813897576766067e+03,1.250102120846814202e+01,3.264051183463876527e+01,3.495251842259386166e+01
6.622622429651823040e+03,1.250099795265449210e+01,3.302462888603114521e+01,3.531148627390745531e+01
6.699308783156552636e+03,1.250097522667020300e+01,3.341312325627537660e+01,3.567507795866566056e+01
6.776883122784055558e+03,1.250095301843406581e+01,3.380604644191502217e+01,3.604334338545761085e+01
6.855355730929009951e+03,1.250093131614080910e+01,3.420345052645906492e+01,3.641633303459867221e+01
6.934737009050634697e+03,1.250091010825478044e+01,3.460538818728811350e+01,3.679409796594510595e+01
7.015037479051359696e+03,1.250088938350376111e+01,3.501191270263881705e+01,3.717668982676912037e+01
7.096267784671514164e+03,1.250086913087293894e+01,3.542307795866815212e+01,3.756416085969568286e+01
7.178438692900107526e+03,1.250084933959901257e+01,3.583893845659789434e+01,3.795656391070146185e+01
7.261561095402028513e+03,1.250082999916442006e+01,3.625954931994098018e+01,3.835395243717707814e+01
7.345646009961693380e+03,1.250081109929172918e+01,3.668496630180992213e+01,3.875638051605315582e+01
7.430704581943448829e+03,1.250079262993812357e+01,3.711524579230874110e+01,3.916390285199123156e+01
7.516748085768886995e+03,1.250077458129003638e+01,3.755044482600931133e+01,3.957657478564050990e+01
7.603787926411226181e+03,1.250075694375791180e+01,3.799062108951286376e+01,3.999445230196122480e+01
7.691835640907072047e+03,1.250073970797106071e+01,3.843583292909820415e+01,4.041759203861597882e+01
7.780902899885610168e+03,1.250072286477267092e+01,3.888613935845700809e+01,4.084605129442978466e+01
7.871001509115553745e+03,1.250070640521489729e+01,3.934160006651766395e+01,4.127988803791991046e+01
7.962143411069947433e+03,1.250069032055409224e+01,3.980227542535836704e+01,4.171916091589667985e+01
8.054340686509182888e+03,1.250067460224612503e+01,4.026822649821115618e+01,4.216392926213680425e+01
8.147605556082253315e+03,1.250065924194182543e+01,4.073951504755702757e+01,4.261425310612953865e+01
8.241950381946609923e+03,1.250064423148252502e+01,4.121620354331396641e+01,4.307019318189767176e+01
8.337387669406711211e+03,1.250062956289569271e+01,4.169835517111846457e+01,4.353181093689399717e+01
8.433930068571646189e+03,1.250061522839068573e+01,4.218603384070225815e+01,4.399916854097529040e+01
8.531590376031852429e+03,1.250060122035458932e+01,4.267930419436460454e+01,4.447232889545406920e+01
8.630381536555310959e+03,1.250058753134815070e+01,4.317823161554181155e+01,4.495135564223031110e+01
8.730316644803322561e+03,1.250057415410181250e+01,4.368288223747477161e+01,4.543631317300389583e+01
8.831408947066251130e+03,1.250056108151183309e+01,4.419332295197627758e+01,4.592726663856974767e+01
8.933671843019261360e+03,1.250054830663649774e+01,4.470962141829832603e+01,4.642428195819633174e+01
9.037118887498452750e+03,1.250053582269241303e+01,4.523184607210144037e+01,4.692742582908947924e+01
9.141763792297504551e+03,1.250052362305089027e+01,4.576006613452663174e+01,4.743676573594267154e+01
9.247620427985208153e+03,1.250051170123441224e+01,4.629435162137178850e+01,4.795236996057553824e+01
9.354702825743963331e+03,1.250050005091318006e+01,4.683477335237302697e+01,4.847430759166169878e+01
9.463025179229616697e+03,1.250048866590173091e+01,4.738140296059273027e+01,4.900264853454763170e+01
9.572601846452771497e+03,1.250047754015565360e+01,4.793431290191517746e+01,4.953746352116393581e+01
9.683447351681988948e+03,1.250046666776835558e+01,4.849357646465161764e+01,5.007882412003101535e+01
9.795576387368924770e+03,1.250045604296791879e+01,4.905926777925522231e+01,5.062680274635998501e+01
9.909003816095802904e+03,1.250044566011402836e+01,4.963146182814780616e+01,5.118147267225080554e+01
1.002374467254545198e+04,1.250043551369496164e+01,5.021023445565953125e+01,5.174290803698943364e+01
1.013981416549409005e+04,1.250042559832465194e+01,5.079566237808253959e+01,5.231118385744486687e+01
1.025722767982729783e+04,1.250041590873982500e+01,5.138782319384061736e+01,5.288637603856875558e+01
1.037600077857922042e+04,1.250040643979719057e+01,5.198679539377531000e+01,5.346856138399817127e+01
1.049614920499546861e+04,1.250039718647070153e+01,5.259265837155059131e+01,5.405781760676391912e+01
1.061768888461975985e+04,1.250038814384888397e+01,5.320549243417657692e+01,5.465422334010518313e+01
1.074063592740506647e+04,1.250037930713221535e+01,5.382537881265589874e+01,5.525785814839447596e+01
1.086500662984865085e+04,1.250037067163057714e+01,5.445239967274981296e+01,5.586880253817013653e+01
1.099081747715249730e+04,1.250036223276074487e+01,5.508663812587147390e+01,5.648713796928418418e+01
1.111808514540807664e+04,1.250035398604396164e+01,5.572817824010125065e+01,5.711294686616073335e+01
1.124682650380698396e+04,1.250034592710355064e+01,5.637710505133153305e+01,5.774631262917248620e+01
1.137705861687682773e+04,1.250033805166257750e+01,5.703350457453819899e+01,5.838731964613303660e+01
1.150879874674313396e+04,1.250033035554158545e+01,5.769746381518241662e+01,5.903605330390877270e+01
1.164206435541744577e+04,1.250032283465636418e+01,5.836907078074372635e+01,5.969260000015162149e+01
1.177687310711176906e+04,1.250031548501578094e+01,5.904841449238516304e+01,6.035704715515370822e+01
1.191324287058022128e+04,1.250030830271965243e+01,5.973558499675484512e+01,6.102948322382849966e+01
1.205119172148716279e+04,1.250030128395667539e+01,6.043067337792015081e+01,6.170999770781519089e+01
1.219073794480338802e+04,1.250029442500239263e+01,6.113377176944269564e+01,6.239868116771423701e+01
1.233190003722964684e+04,1.250028772221721773e+01,6.184497336659029543e+01,6.309562523545097434e+01
1.247469670964838406e+04,1.250028117204449529e+01,6.256437243869041964e+01,6.380092262677190718e+01
1.261914688960388776e+04,1.250027477100861439e+01,6.329206434162605177e+01,6.451466715387475404e+01
1.276526972381096675e+04,1.250026851571315056e+01,6.402814553047464585e+01,6.523695373817335508e+01
1.291308458069312655e+04,1.250026240283906986e+01,6.477271357229506066e+01,6.596787842320236450e+01
1.306261105294943445e+04,1.250025642914296142e+01,6.552586715905825088e+01,6.670753838765810428e+01
1.321386896015193088e+04,1.250025059145530548e+01,6.628770612073127211e+01,6.745603195858478784e+01
1.336687835137229922e+04,1.250024488667879830e+01,6.705833143850796318e+01,6.821345862470047905e+01
1.352165950783964036e+04,1.250023931178670189e+01,6.783784525819569922e+01,6.897991904987162570e+01
1.367823294562858791e+04,1.250023386382123292e+01,6.862635090375431446e+01,6.975551508673305534e+01
1.383661941837872655e+04,1.250022853989199056e+01,6.942395289099204092e+01,7.054034979045832188e+01
1.399683992004549327e+04,1.250022333717442180e+01,7.023075694141932956e+01,7.133452743268129836e+01
1.415891568768274919e+04,1.250021825290832211e+01,7.104686999626179045e+01,7.213815351557083488e+01
1.432286820425805672e+04,1.250021328439636470e+01,7.187240023063689875e+01,7.295133478606305744e+01
1.448871920149978359e+04,1.250020842900266693e+01,7.270745706789054452e+01,7.377417925024754197e+01
1.465649066277809106e+04,1.250020368415139238e+01,7.355215119410370050e+01,7.460679618791817802e+01
1.482620482601835647e+04,1.250019904732537945e+01,7.440659457276167643e+01,7.544929616728097699e+01
1.499788418664911842e+04,1.250019451606480914e+01,7.527090045959653253e+01,7.630179105982995225e+01
1.517155150058367326e+04,1.250019008796588871e+01,7.614518341759873010e+01,7.716439405538693563e+01
1.534722978723637425e+04,1.250018576067958165e+01,7.702955933220248141e+01,7.803721967731038944e+01
1.552494233257385713e+04,1.250018153191035708e+01,7.792414542664661781e+01,7.892038379787496183e+01
1.570471269220142312e+04,1.250017739941497119e+01,7.882906027751199929e+01,7.981400365382296513e+01
1.588656469448564530e+04,1.250017336100127707e+01,7.974442383044041094e+01,8.071819786209302094e+01
1.607052244371235611e+04,1.250016941452705410e+01,8.067035741603136501e+01,8.163308643572240442e+01
1.625661032328199326e+04,1.250016555789887640e+01,8.160698376592621628e+01,8.255879079993253811e+01
1.644485299894142736e+04,1.250016178907100084e+01,8.255442702907545538e+01,8.349543380839394047e+01
1.663527542205341888e+04,1.250015810604427458e+01,8.351281278819485010e+01,8.444313975967607178e+01
1.682790283290393199e+04,1.250015450686507812e+01,8.448226807641177061e+01,8.540203441388386807e+01
1.702276076404752166e+04,1.250015098962428439e+01,8.546292139410233801e+01,8.637224500948160255e+01
1.721987504369203452e+04,1.250014755245624976e+01,8.645490272592627434e+01,8.735390028031119414e+01
1.741927179912159409e+04,1.250014419353782102e+01,8.745834355805371274e+01,8.834713047279912246e+01
1.762097746016029487e+04,1.250014091108736380e+01,8.847337689559650187e+01,8.935206736336496647e+01
1.782501876267492116e+04,1.250013770336381924e+01,8.950013728023527904e+01,9.036884427602258540e+01
1.803142275211914239e+04,1.250013456866578032e+01,9.053876080805503079e+01,9.139759610018720082e+01
1.824021678711819550e+04,1.250013150533058948e+01,9.158938514758369820e+01,9.243845930868268113e+01
1.845142854309525865e+04,1.250012851173344863e+01,9.265214955804023589e+01,9.349157197595570779e+01
1.866508601593985077e+04,1.250012558628656478e+01,9.372719490779365970e+01,9.455707379649857103e+01
1.888121752571845354e+04,1.250012272743830444e+01,9.481466369303407760e+01,9.563510610348154728e+01
1.909985172042874183e+04,1.250011993367236940e+01,9.591470005666270993e+01,9.672581188760199211e+01
1.932101757979624381e+04,1.250011720350699029e+01,9.702744980739498715e+01,9.782933581614446439e+01
1.954474441911622489e+04,1.250011453549413787e+01,9.815306043909068023e+01,9.894582425226573719e+01
1.977106189313878349e+04,1.250011192821876449e+01,9.929168115030108765e+01,1.000754252744950890e+02
2.000000000000000000e+04,1.250010938029804031e+01,1.004434628640474898e+02,1.012182886964638584e+02
